date,platform,campaign_id,campaign_name,impressions,clicks,cost,conversions,video_views,engagement_rate,reach,frequency,conversion_value,quality_score,search_impression_share,video_watch_25,video_watch_50,video_watch_75,video_watch_100,likes,shares,comments,ctr,cpc,cpa,roas
1/21/2024,Facebook,fb_1002,Conversions_Retargeting,10234,467,178.4,30,945,0.0456,8456,1.21,,,,,,,,,,,0.04563220637,0.382012848,5.946666667,
1/14/2024,Facebook,fb_1002,Conversions_Retargeting,10567,489,185.9,29,998,0.0463,8234,1.28,,,,,,,,,,,0.04627614271,0.3801635992,6.410344828,
1/28/2024,Facebook,fb_1002,Conversions_Retargeting,11456,523,192.3,33,1089,0.0457,8967,1.28,,,,,,,,,,,0.04565293296,0.3676864245,5.827272727,
1/3/2024,Facebook,fb_1002,Conversions_Retargeting,11234,489,198.7,31,1123,0.0435,8901,1.26,,,,,,,,,,,0.04352857397,0.4063394683,6.409677419,
1/13/2024,Facebook,fb_1002,Conversions_Retargeting,11234,523,198.6,32,1123,0.0466,8901,1.27,,,,,,,,,,,0.04655510059,0.3797323136,6.20625,
1/20/2024,Facebook,fb_1002,Conversions_Retargeting,11890,545,202.3,34,1156,0.0458,9567,1.28,,,,,,,,,,,0.04583683768,0.3711926606,5.95,
1/22/2024,Facebook,fb_1002,Conversions_Retargeting,12456,567,209.6,36,1234,0.0455,9876,1.26,,,,,,,,,,,0.04552023121,0.369664903,5.822222222,
1/8/2024,Facebook,fb_1002,Conversions_Retargeting,12123,534,212.4,35,1234,0.0441,9567,1.27,,,,,,,,,,,0.04404850285,0.397752809,6.068571429,
1/1/2024,Facebook,fb_1002,Conversions_Retargeting,12456,567,215.8,34,1234,0.0455,9876,1.26,,,,,,,,,,,0.04552023121,0.3805996473,6.347058824,
1/27/2024,Facebook,fb_1002,Conversions_Retargeting,12567,567,209.4,36,1267,0.0451,9890,1.27,,,,,,,,,,,0.04511816663,0.3693121693,5.816666667,
1/15/2024,Facebook,fb_1002,Conversions_Retargeting,12890,567,221.3,37,1345,0.044,10123,1.27,,,,,,,,,,,0.04398758728,0.3902998236,5.981081081,
1/29/2024,Facebook,fb_1002,Conversions_Retargeting,13234,612,226.5,39,1345,0.0463,10456,1.27,,,,,,,,,,,0.04624452169,0.3700980392,5.807692308,
1/5/2024,Facebook,fb_1002,Conversions_Retargeting,12890,567,220.3,36,1345,0.044,10123,1.27,,,,,,,,,,,0.04398758728,0.3885361552,6.119444444,
1/19/2024,Facebook,fb_1002,Conversions_Retargeting,13890,634,235.8,40,1378,0.0457,10890,1.27,,,,,,,,,,,0.04564434845,0.3719242902,5.895,
1/12/2024,Facebook,fb_1002,Conversions_Retargeting,13456,634,239.7,39,1378,0.0471,10567,1.27,,,,,,,,,,,0.04711652794,0.3780757098,6.146153846,
1/30/2024,Facebook,fb_1002,Conversions_Retargeting,14123,645,236.9,41,1423,0.0457,11123,1.27,,,,,,,,,,,0.04567018339,0.3672868217,5.77804878,
1/26/2024,Facebook,fb_1002,Conversions_Retargeting,14234,689,254.7,44,1456,0.0484,11234,1.27,,,,,,,,,,,0.04840522692,0.3696661829,5.788636364,
1/2/2024,Facebook,fb_1002,Conversions_Retargeting,13678,623,234.5,38,1456,0.0455,10234,1.34,,,,,,,,,,,0.04554759468,0.3764044944,6.171052632,
1/7/2024,Facebook,fb_1002,Conversions_Retargeting,13456,623,237.8,40,1456,0.0463,10567,1.27,,,,,,,,,,,0.04629904875,0.3817014446,5.945,
1/10/2024,Facebook,fb_1002,Conversions_Retargeting,13789,645,241.2,41,1489,0.0468,10789,1.28,,,,,,,,,,,0.04677641598,0.3739534884,5.882926829,
1/18/2024,Facebook,fb_1002,Conversions_Retargeting,14567,689,253.4,43,1489,0.0473,11567,1.26,,,,,,,,,,,0.04729868882,0.3677793904,5.893023256,
1/23/2024,Facebook,fb_1002,Conversions_Retargeting,13789,623,229.8,38,1489,0.0452,10789,1.28,,,,,,,,,,,0.04518094133,0.3688603531,6.047368421,
1/4/2024,Facebook,fb_1002,Conversions_Retargeting,14567,678,245.6,42,1567,0.0465,11234,1.3,,,,,,,,,,,0.04654355736,0.3622418879,5.847619048,
1/16/2024,Facebook,fb_1002,Conversions_Retargeting,14234,678,248.5,42,1567,0.0477,11234,1.27,,,,,,,,,,,0.04763242939,0.366519174,5.916666667,
1/24/2024,Facebook,fb_1002,Conversions_Retargeting,14890,712,251.6,43,1578,0.0478,11790,1.26,,,,,,,,,,,0.04781732707,0.3533707865,5.851162791,
1/11/2024,Facebook,fb_1002,Conversions_Retargeting,14567,723,256.4,44,1612,0.0496,11456,1.27,,,,,,,,,,,0.04963273152,0.3546334716,5.827272727,
1/17/2024,Facebook,fb_1002,Conversions_Retargeting,15234,734,264.7,46,1678,0.0482,12123,1.26,,,,,,,,,,,0.04818169883,0.360626703,5.754347826,
1/25/2024,Facebook,fb_1002,Conversions_Retargeting,15678,756,268.9,47,1678,0.0482,12345,1.27,,,,,,,,,,,0.04822043628,0.3556878307,5.721276596,
1/21/2024,Facebook,fb_1003,Traffic_Drive_Jan,32890,1178,171.2,22,3789,0.0358,27234,1.21,,,,,,,,,,,0.03581635756,0.1453310696,7.781818182,
1/14/2024,Facebook,fb_1003,Traffic_Drive_Jan,31234,1123,173.8,21,3890,0.036,26123,1.2,,,,,,,,,,,0.03595440866,0.1547640249,8.276190476,
1/28/2024,Facebook,fb_1003,Traffic_Drive_Jan,33567,1203,184.5,25,4123,0.0358,27890,1.2,,,,,,,,,,,0.03583877022,0.1533665835,7.38,
1/13/2024,Facebook,fb_1003,Traffic_Drive_Jan,33456,1203,185.3,23,4234,0.036,27890,1.2,,,,,,,,,,,0.03595767575,0.1540315877,8.056521739,
1/22/2024,Facebook,fb_1003,Traffic_Drive_Jan,35123,1267,194.5,26,4345,0.0361,29123,1.21,,,,,,,,,,,0.03607322837,0.1535122336,7.480769231,
1/1/2024,Facebook,fb_1003,Traffic_Drive_Jan,34567,1234,189.9,23,4567,0.0357,28934,1.19,,,,,,,,,,,0.03569878786,0.1538897893,8.256521739,
1/27/2024,Facebook,fb_1003,Traffic_Drive_Jan,35890,1289,197.8,27,4567,0.0359,29567,1.21,,,,,,,,,,,0.03591529674,0.1534522886,7.325925926,
1/20/2024,Facebook,fb_1003,Traffic_Drive_Jan,34567,1234,189.6,24,4567,0.0357,28934,1.19,,,,,,,,,,,0.03569878786,0.1536466775,7.9,
1/29/2024,Facebook,fb_1003,Traffic_Drive_Jan,36234,1334,203.7,28,4678,0.0368,30123,1.2,,,,,,,,,,,0.03681624993,0.1526986507,7.275,
1/15/2024,Facebook,fb_1003,Traffic_Drive_Jan,35678,1289,196.6,25,4678,0.0361,29345,1.22,,,,,,,,,,,0.03612870677,0.1525213344,7.864,
1/6/2024,Facebook,fb_1003,Traffic_Drive_Jan,35678,1289,195.6,24,4678,0.0361,29345,1.22,,,,,,,,,,,0.03612870677,0.1517455392,8.15,
1/9/2024,Facebook,fb_1003,Traffic_Drive_Jan,36456,1312,199.8,26,4823,0.036,30234,1.21,,,,,,,,,,,0.03598858898,0.1522865854,7.684615385,
1/23/2024,Facebook,fb_1003,Traffic_Drive_Jan,37456,1389,213.4,29,4890,0.0371,30567,1.22,,,,,,,,,,,0.03708351132,0.1536357091,7.35862069,
1/2/2024,Facebook,fb_1003,Traffic_Drive_Jan,36789,1345,201.3,25,4890,0.0366,30123,1.22,,,,,,,,,,,0.03655984126,0.1496654275,8.052,
1/30/2024,Facebook,fb_1003,Traffic_Drive_Jan,37890,1412,216.5,30,4956,0.0373,30890,1.23,,,,,,,,,,,0.03726576933,0.1533286119,7.216666667,
1/12/2024,Facebook,fb_1003,Traffic_Drive_Jan,37890,1398,212.4,28,5012,0.0369,30890,1.23,,,,,,,,,,,0.0368962787,0.1519313305,7.585714286,
1/19/2024,Facebook,fb_1003,Traffic_Drive_Jan,37234,1367,209.9,28,5012,0.0367,30678,1.21,,,,,,,,,,,0.03671375624,0.1535479151,7.496428571,
1/7/2024,Facebook,fb_1003,Traffic_Drive_Jan,37234,1367,207.9,27,5012,0.0367,30678,1.21,,,,,,,,,,,0.03671375624,0.1520848574,7.7,
1/16/2024,Facebook,fb_1003,Traffic_Drive_Jan,38456,1423,218.7,30,5123,0.037,31234,1.23,,,,,,,,,,,0.03700332848,0.1536893886,7.29,
1/26/2024,Facebook,fb_1003,Traffic_Drive_Jan,38890,1445,231.2,32,5123,0.0372,31567,1.23,,,,,,,,,,,0.03715608125,0.16,7.225,
1/10/2024,Facebook,fb_1003,Traffic_Drive_Jan,38456,1423,217.5,29,5123,0.037,31234,1.23,,,,,,,,,,,0.03700332848,0.1528460998,7.5,
1/24/2024,Facebook,fb_1003,Traffic_Drive_Jan,39234,1489,227.9,32,5234,0.0379,32123,1.22,,,,,,,,,,,0.03795177652,0.1530557421,7.121875,
1/3/2024,Facebook,fb_1003,Traffic_Drive_Jan,38901,1456,213.4,28,5234,0.0375,31456,1.24,,,,,,,,,,,0.03742834374,0.1465659341,7.621428571,
1/18/2024,Facebook,fb_1003,Traffic_Drive_Jan,38901,1456,224.5,31,5234,0.0374,31456,1.24,,,,,,,,,,,0.03742834374,0.1541895604,7.241935484,
1/17/2024,Facebook,fb_1003,Traffic_Drive_Jan,40123,1534,232.8,33,5456,0.0382,32890,1.22,,,,,,,,,,,0.03823243526,0.1517601043,7.054545455,
1/25/2024,Facebook,fb_1003,Traffic_Drive_Jan,40567,1567,238.6,34,5456,0.0386,33234,1.22,,,,,,,,,,,0.03862745581,0.1522654754,7.017647059,
1/11/2024,Facebook,fb_1003,Traffic_Drive_Jan,39789,1534,225.8,31,5456,0.0386,32567,1.22,,,,,,,,,,,0.03855336902,0.1471968709,7.283870968,
1/14/2024,Facebook,fb_1001,Brand_Awareness_Q1,40123,798,114.7,11,7345,0.0199,33456,1.2,,,,,,,,,,,0.01988884181,0.1437343358,10.42727273,
1/21/2024,Facebook,fb_1001,Brand_Awareness_Q1,41567,823,118.9,12,7456,0.0198,35123,1.18,,,,,,,,,,,0.01979936007,0.1444714459,9.908333333,
1/13/2024,Facebook,fb_1001,Brand_Awareness_Q1,42345,856,121.5,12,7890,0.0202,35678,1.19,,,,,,,,,,,0.02021490141,0.1419392523,10.125,
1/20/2024,Facebook,fb_1001,Brand_Awareness_Q1,43234,878,125.7,13,7890,0.0203,36567,1.18,,,,,,,,,,,0.02030809085,0.143166287,9.669230769,
1/2/2024,Facebook,fb_1001,Brand_Awareness_Q1,42345,823,118.2,10,7890,0.0194,36789,1.15,,,,,,,,,,,0.01943558862,0.1436208991,11.82,
1/28/2024,Facebook,fb_1001,Brand_Awareness_Q1,44567,890,127.6,13,8123,0.02,37456,1.19,,,,,,,,,,,0.01996993291,0.1433707865,9.815384615,
1/6/2024,Facebook,fb_1001,Brand_Awareness_Q1,44567,878,125.6,11,8123,0.0197,37456,1.19,,,,,,,,,,,0.01970067539,0.1430523918,11.41818182,
1/1/2024,Facebook,fb_1001,Brand_Awareness_Q1,45623,892,127.5,12,8234,0.0195,38234,1.19,,,,,,,,,,,0.01955154199,0.1429372197,10.625,
1/22/2024,Facebook,fb_1001,Brand_Awareness_Q1,45234,912,129.8,14,8234,0.0202,38567,1.17,,,,,,,,,,,0.02016182518,0.1423245614,9.271428571,
1/27/2024,Facebook,fb_1001,Brand_Awareness_Q1,46234,934,133.8,15,8456,0.0202,38890,1.19,,,,,,,,,,,0.02020158325,0.143254818,8.92,
1/5/2024,Facebook,fb_1001,Brand_Awareness_Q1,46789,934,131.2,13,8567,0.02,39234,1.19,,,,,,,,,,,0.01996195687,0.1404710921,10.09230769,
1/15/2024,Facebook,fb_1001,Brand_Awareness_Q1,46789,934,132.4,14,8567,0.02,39234,1.19,,,,,,,,,,,0.01996195687,0.1417558887,9.457142857,
1/8/2024,Facebook,fb_1001,Brand_Awareness_Q1,47234,945,135.4,14,8789,0.02,39567,1.19,,,,,,,,,,,0.02000677478,0.1432804233,9.671428571,
1/19/2024,Facebook,fb_1001,Brand_Awareness_Q1,47890,967,138.4,15,8789,0.0202,40234,1.19,,,,,,,,,,,0.02019210691,0.143123061,9.226666667,
1/29/2024,Facebook,fb_1001,Brand_Awareness_Q1,47890,967,138.4,15,8789,0.0202,40234,1.19,,,,,,,,,,,0.02019210691,0.143123061,9.226666667,
1/3/2024,Facebook,fb_1001,Brand_Awareness_Q1,48234,967,134.8,14,8901,0.0201,40123,1.2,,,,,,,,,,,0.02004809885,0.1394002068,9.628571429,
1/10/2024,Facebook,fb_1001,Brand_Awareness_Q1,48567,978,137.8,14,8945,0.0201,40456,1.2,,,,,,,,,,,0.02013713015,0.1408997955,9.842857143,
1/23/2024,Facebook,fb_1001,Brand_Awareness_Q1,48567,989,140.3,15,8945,0.0204,40456,1.2,,,,,,,,,,,0.02036362139,0.1418604651,9.353333333,
1/30/2024,Facebook,fb_1001,Brand_Awareness_Q1,49234,1001,142.8,16,9012,0.0203,41567,1.18,,,,,,,,,,,0.02033147825,0.1426573427,8.925,
1/12/2024,Facebook,fb_1001,Brand_Awareness_Q1,49234,1012,140.3,15,9123,0.0206,41567,1.18,,,,,,,,,,,0.02055490108,0.1386363636,9.353333333,
1/26/2024,Facebook,fb_1001,Brand_Awareness_Q1,50123,1034,147.5,17,9123,0.0206,41890,1.2,,,,,,,,,,,0.02062925204,0.1426499033,8.676470588,
1/18/2024,Facebook,fb_1001,Brand_Awareness_Q1,49567,1012,144.6,16,9123,0.0204,41890,1.18,,,,,,,,,,,0.02041680957,0.1428853755,9.0375,
1/4/2024,Facebook,fb_1001,Brand_Awareness_Q1,51234,1023,142.3,15,9234,0.02,42567,1.2,,,,,,,,,,,0.01996720928,0.1391006843,9.486666667,
1/16/2024,Facebook,fb_1001,Brand_Awareness_Q1,50234,1023,143.8,16,9234,0.0204,42345,1.19,,,,,,,,,,,0.02036469324,0.1405669599,8.9875,
1/24/2024,Facebook,fb_1001,Brand_Awareness_Q1,51234,1067,149.7,17,9234,0.0208,42567,1.2,,,,,,,,,,,0.02082601398,0.1402999063,8.805882353,
1/9/2024,Facebook,fb_1001,Brand_Awareness_Q1,50123,1012,141.7,15,9345,0.0202,41890,1.2,,,,,,,,,,,0.02019033178,0.1400197628,9.446666667,
1/17/2024,Facebook,fb_1001,Brand_Awareness_Q1,51789,1089,152.3,18,9567,0.021,43567,1.19,,,,,,,,,,,0.02102763135,0.1398530762,8.461111111,
1/11/2024,Facebook,fb_1001,Brand_Awareness_Q1,52123,1089,148.6,17,9567,0.0209,43234,1.21,,,,,,,,,,,0.02089288798,0.1364554637,8.741176471,
1/25/2024,Facebook,fb_1001,Brand_Awareness_Q1,52789,1123,156.4,18,9567,0.0213,43890,1.2,,,,,,,,,,,0.02127337135,0.139269813,8.688888889,
1/7/2024,Facebook,fb_1001,Brand_Awareness_Q1,49876,1067,145.9,16,9567,0.0214,41234,1.21,,,,,,,,,,,0.02139305478,0.1367385192,9.11875,
1/14/2024,Facebook,fb_1004,Video_Views_Campaign,61234,223,78.9,4,40567,0.0036,50123,1.22,,,,,,,,,,,0.003641767645,0.3538116592,19.725,
1/21/2024,Facebook,fb_1004,Video_Views_Campaign,62345,223,76.3,4,41234,0.0036,51567,1.2,,,,,,,,,,,0.003576870639,0.3421524664,19.075,
1/13/2024,Facebook,fb_1004,Video_Views_Campaign,64567,238,83.4,5,43234,0.0037,52890,1.22,,,,,,,,,,,0.003686093515,0.3504201681,16.68,
1/20/2024,Facebook,fb_1004,Video_Views_Campaign,65234,234,81.2,5,43567,0.0036,53456,1.19,,,,,,,,,,,0.003587086489,0.347008547,16.24,
1/28/2024,Facebook,fb_1004,Video_Views_Campaign,65789,234,80.4,4,43890,0.0036,54123,1.21,,,,,,,,,,,0.003556825609,0.3435897436,20.1,
1/22/2024,Facebook,fb_1004,Video_Views_Campaign,66789,245,84.7,5,44567,0.0037,54890,1.22,,,,,,,,,,,0.003668268727,0.3457142857,16.94,
1/4/2024,Facebook,fb_1004,Video_Views_Campaign,67890,234,89.5,5,45678,0.0034,56789,1.2,,,,,,,,,,,0.003446752099,0.3824786325,17.9,
1/27/2024,Facebook,fb_1004,Video_Views_Campaign,68234,245,85.9,5,45678,0.0036,55890,1.22,,,,,,,,,,,0.003590585339,0.3506122449,17.18,
1/15/2024,Facebook,fb_1004,Video_Views_Campaign,68456,248,87.6,6,46234,0.0036,56789,1.21,,,,,,,,,,,0.003622764988,0.3532258065,14.6,
1/29/2024,Facebook,fb_1004,Video_Views_Campaign,69567,253,88.7,6,46890,0.0036,57123,1.22,,,,,,,,,,,0.003636781807,0.3505928854,14.78333333,
1/6/2024,Facebook,fb_1004,Video_Views_Campaign,69456,245,91.2,5,47234,0.0035,57890,1.2,,,,,,,,,,,0.003527413038,0.372244898,18.24,
1/19/2024,Facebook,fb_1004,Video_Views_Campaign,70123,253,89.4,6,47234,0.0036,57890,1.21,,,,,,,,,,,0.003607946038,0.3533596838,14.9,
1/23/2024,Facebook,fb_1004,Video_Views_Campaign,71234,256,90.5,6,48123,0.0036,58567,1.22,,,,,,,,,,,0.003593789483,0.353515625,15.08333333,
1/9/2024,Facebook,fb_1004,Video_Views_Campaign,70123,253,93.6,6,48234,0.0036,58456,1.2,,,,,,,,,,,0.003607946038,0.3699604743,15.6,
1/30/2024,Facebook,fb_1004,Video_Views_Campaign,72123,261,91.3,7,48567,0.0036,58890,1.22,,,,,,,,,,,0.003618817853,0.3498084291,13.04285714,
1/18/2024,Facebook,fb_1004,Video_Views_Campaign,72345,261,92.7,7,48567,0.0036,58234,1.24,,,,,,,,,,,0.003607713042,0.3551724138,13.24285714,
1/5/2024,Facebook,fb_1004,Video_Views_Campaign,71234,256,94.8,6,48901,0.0036,59234,1.2,,,,,,,,,,,0.003593789483,0.3703125,15.8,
1/26/2024,Facebook,fb_1004,Video_Views_Campaign,73456,261,94.6,7,49234,0.0036,59567,1.23,,,,,,,,,,,0.003553147462,0.3624521073,13.51428571,
1/12/2024,Facebook,fb_1004,Video_Views_Campaign,72890,261,96.8,7,49567,0.0036,59123,1.23,,,,,,,,,,,0.003580738099,0.3708812261,13.82857143,
1/16/2024,Facebook,fb_1004,Video_Views_Campaign,73456,267,94.2,7,49890,0.0036,59567,1.24,,,,,,,,,,,0.003634829013,0.3528089888,13.45714286,
1/8/2024,Facebook,fb_1004,Video_Views_Campaign,73456,267,98.3,7,50123,0.0036,60234,1.22,,,,,,,,,,,0.003634829013,0.368164794,14.04285714,
1/24/2024,Facebook,fb_1004,Video_Views_Campaign,74567,267,95.8,7,50234,0.0036,60789,1.23,,,,,,,,,,,0.003580672415,0.3588014981,13.68571429,
1/17/2024,Facebook,fb_1004,Video_Views_Campaign,75890,278,98.5,8,51234,0.0037,61567,1.23,,,,,,,,,,,0.003663196732,0.3543165468,12.3125,
1/25/2024,Facebook,fb_1004,Video_Views_Campaign,76890,278,99.2,8,51567,0.0036,62890,1.23,,,,,,,,,,,0.003615554689,0.3568345324,12.4,
1/11/2024,Facebook,fb_1004,Video_Views_Campaign,76234,278,101.5,8,52345,0.0037,62456,1.22,,,,,,,,,,,0.003646666842,0.3651079137,12.6875,
1/3/2024,TikTok,tt_8002,Conversion_Focus,112345,2123,623.4,62,82345,,,,,,,61234,41234,31234,21234,4234,1123,212,0.01889714718,0.293641074,10.05483871,
1/8/2024,TikTok,tt_8002,Conversion_Focus,119234,2234,645.6,64,85678,,,,,,,63456,42345,32234,22234,4345,1189,223,0.0187362665,0.2889883617,10.0875,
1/1/2024,TikTok,tt_8002,Conversion_Focus,123456,2345,678.9,67,89234,,,,,,,67234,45234,34234,23456,4567,1234,234,0.01899462157,0.2895095949,10.13283582,
1/21/2024,TikTok,tt_8002,Conversion_Focus,128901,2456,678.9,67,89234,,,,,,,67234,45234,34234,23456,4567,1234,234,0.01905338205,0.2764250814,10.13283582,
1/14/2024,TikTok,tt_8002,Conversion_Focus,128901,2456,689.5,68,91234,,,,,,,68234,45789,34567,23678,4678,1267,237,0.01905338205,0.2807410423,10.13970588,
1/5/2024,TikTok,tt_8002,Conversion_Focus,128901,2456,689.5,68,91234,,,,,,,68234,45789,34567,23678,4678,1267,237,0.01905338205,0.2807410423,10.13970588,
1/13/2024,TikTok,tt_8002,Conversion_Focus,134567,2567,712.3,71,95678,,,,,,,71234,48234,36234,24567,4789,1345,245,0.01907599932,0.2774834437,10.03239437,
1/2/2024,TikTok,tt_8002,Conversion_Focus,134567,2567,712.3,71,95678,,,,,,,71234,48234,36234,24567,4789,1345,245,0.01907599932,0.2774834437,10.03239437,
1/7/2024,TikTok,tt_8002,Conversion_Focus,138901,2678,734.5,73,97890,,,,,,,72345,48901,36789,24890,4901,1356,256,0.01927991879,0.2742718447,10.06164384,
1/20/2024,TikTok,tt_8002,Conversion_Focus,142345,2678,734.5,73,97890,,,,,,,72345,48901,36789,24890,4901,1356,256,0.0188134462,0.2742718447,10.06164384,
1/15/2024,TikTok,tt_8002,Conversion_Focus,142345,2678,734.5,73,97890,,,,,,,72345,48901,36789,24890,4901,1356,256,0.0188134462,0.2742718447,10.06164384,
1/28/2024,TikTok,tt_8002,Conversion_Focus,148901,2834,756.7,76,101234,,,,,,,74567,50234,37890,25234,5012,1423,267,0.01903278017,0.2670077629,9.956578947,
1/10/2024,TikTok,tt_8002,Conversion_Focus,145678,2789,756.7,76,101234,,,,,,,74567,50234,37890,25234,5012,1423,267,0.01914496355,0.2713158838,9.956578947,
1/22/2024,TikTok,tt_8002,Conversion_Focus,148901,2834,767.5,77,103456,,,,,,,76234,51234,38567,25789,5123,1456,278,0.01903278017,0.2708186309,9.967532468,
1/12/2024,TikTok,tt_8002,Conversion_Focus,148901,2834,767.5,77,103456,,,,,,,76234,51234,38567,25789,5123,1456,278,0.01903278017,0.2708186309,9.967532468,
1/27/2024,TikTok,tt_8002,Conversion_Focus,153456,2945,789.2,79,107890,,,,,,,79567,53678,40234,26890,5234,1456,278,0.0191911688,0.2679796265,9.989873418,
1/19/2024,TikTok,tt_8002,Conversion_Focus,153456,2945,789.2,79,107890,,,,,,,79567,53678,40234,26890,5234,1456,278,0.0191911688,0.2679796265,9.989873418,
1/23/2024,TikTok,tt_8002,Conversion_Focus,156789,3012,812.3,82,109876,,,,,,,81234,54678,41234,27567,5456,1567,289,0.01921053135,0.269687915,9.906097561,
1/16/2024,TikTok,tt_8002,Conversion_Focus,156789,3012,812.3,82,109876,,,,,,,81234,54678,41234,27567,5456,1567,289,0.01921053135,0.269687915,9.906097561,
1/29/2024,TikTok,tt_8002,Conversion_Focus,156789,3012,812.3,82,109876,,,,,,,81234,54678,41234,27567,5456,1567,289,0.01921053135,0.269687915,9.906097561,
1/11/2024,TikTok,tt_8002,Conversion_Focus,156789,3012,812.3,82,109876,,,,,,,81234,54678,41234,27567,5456,1567,289,0.01921053135,0.269687915,9.906097561,
1/18/2024,TikTok,tt_8002,Conversion_Focus,161234,3089,823.7,83,113456,,,,,,,83567,56234,42345,28234,5523,1589,301,0.01915849014,0.2666558757,9.924096386,
1/30/2024,TikTok,tt_8002,Conversion_Focus,161234,3089,823.7,83,113456,,,,,,,83567,56234,42345,28234,5523,1589,301,0.01915849014,0.2666558757,9.924096386,
1/26/2024,TikTok,tt_8002,Conversion_Focus,167890,3234,845.6,85,117890,,,,,,,87234,58901,44234,29567,5678,1634,312,0.01926261242,0.2614718615,9.948235294,
1/17/2024,TikTok,tt_8002,Conversion_Focus,167890,3234,845.6,85,117890,,,,,,,87234,58901,44234,29567,5678,1634,312,0.01926261242,0.2614718615,9.948235294,
1/24/2024,TikTok,tt_8002,Conversion_Focus,172345,3345,867.9,87,123456,,,,,,,91234,61567,46234,30789,5890,1678,334,0.01940874409,0.2594618834,9.975862069,
1/25/2024,TikTok,tt_8002,Conversion_Focus,178901,3456,889.5,89,128901,,,,,,,95678,64567,48567,32345,6123,1734,345,0.0193179468,0.2573784722,9.994382022,
1/1/2024,TikTok,tt_8003,Traffic_Campaign,189234,2890,345.6,23,145678,,,,,,,112345,89234,56789,34567,6789,1890,456,0.01527209698,0.1195847751,15.02608696,
1/2/2024,TikTok,tt_8003,Traffic_Campaign,198345,3012,361.2,25,152345,,,,,,,117234,93234,59234,36234,7123,1967,478,0.01518566135,0.1199203187,14.448,
1/14/2024,TikTok,tt_8003,Traffic_Campaign,195678,2989,361.2,25,152345,,,,,,,117234,93234,59234,36234,7123,1967,478,0.0152750948,0.1208430913,14.448,
1/13/2024,TikTok,tt_8003,Traffic_Campaign,201234,3123,374.5,26,157890,,,,,,,121234,96234,61234,37456,7345,2034,489,0.01551924625,0.1199167467,14.40384615,
1/4/2024,TikTok,tt_8003,Traffic_Campaign,201234,3123,374.5,26,157890,,,,,,,121234,96234,61234,37456,7345,2034,489,0.01551924625,0.1199167467,14.40384615,
1/21/2024,TikTok,tt_8003,Traffic_Campaign,201234,3123,374.5,26,157890,,,,,,,121234,96234,61234,37456,7345,2034,489,0.01551924625,0.1199167467,14.40384615,
1/6/2024,TikTok,tt_8003,Traffic_Campaign,205678,3234,387.8,27,162345,,,,,,,124567,98901,63234,38234,7567,2089,501,0.0157236068,0.1199134199,14.36296296,
1/7/2024,TikTok,tt_8003,Traffic_Campaign,212345,3345,401.1,28,167890,,,,,,,128234,101234,65234,39456,7789,2145,512,0.01575266665,0.1199103139,14.325,
1/15/2024,TikTok,tt_8003,Traffic_Campaign,212345,3345,401.1,28,167890,,,,,,,128234,101234,65234,39456,7789,2145,512,0.01575266665,0.1199103139,14.325,
1/20/2024,TikTok,tt_8003,Traffic_Campaign,218901,3456,414.4,29,173456,,,,,,,131567,103567,67234,40567,8012,2201,523,0.01578795894,0.1199074074,14.28965517,
1/9/2024,TikTok,tt_8003,Traffic_Campaign,218901,3456,414.4,29,173456,,,,,,,131567,103567,67234,40567,8012,2201,523,0.01578795894,0.1199074074,14.28965517,
1/10/2024,TikTok,tt_8003,Traffic_Campaign,223456,3567,427.7,30,178901,,,,,,,135234,106789,69234,41789,8234,2267,534,0.01596287412,0.1199046818,14.25666667,
1/28/2024,TikTok,tt_8003,Traffic_Campaign,223456,3567,427.7,30,178901,,,,,,,135234,106789,69234,41789,8234,2267,534,0.01596287412,0.1199046818,14.25666667,
1/22/2024,TikTok,tt_8003,Traffic_Campaign,228901,3634,441.9,31,182345,,,,,,,137890,108901,70567,42789,8456,2301,545,0.015875859,0.121601541,14.25483871,
1/12/2024,TikTok,tt_8003,Traffic_Campaign,228901,3634,441.9,31,182345,,,,,,,137890,108901,70567,42789,8456,2301,545,0.015875859,0.121601541,14.25483871,
1/19/2024,TikTok,tt_8003,Traffic_Campaign,236789,3734,456.8,33,187890,,,,,,,142345,112345,72345,43789,8456,2267,545,0.01576931361,0.1223352973,13.84242424,
1/27/2024,TikTok,tt_8003,Traffic_Campaign,236789,3734,456.8,33,187890,,,,,,,142345,112345,72345,43789,8456,2267,545,0.01576931361,0.1223352973,13.84242424,
1/11/2024,TikTok,tt_8003,Traffic_Campaign,234567,3789,456.8,33,189234,,,,,,,143567,113456,73456,44567,8789,2434,567,0.01615316733,0.1205595144,13.84242424,
1/3/2024,TikTok,tt_8001,Awareness_GenZ,223456,3234,434.5,32,189234,,,,,,,148234,93234,63456,43234,8567,2234,534,0.01447264786,0.1343537415,13.578125,
1/14/2024,TikTok,tt_8001,Awareness_GenZ,223456,3234,434.5,32,189234,,,,,,,148234,93234,63456,43234,8567,2234,534,0.01447264786,0.1343537415,13.578125,
1/21/2024,TikTok,tt_8001,Awareness_GenZ,234567,3456,445.7,34,195234,,,,,,,153456,96234,65234,43567,8756,2234,534,0.01473353029,0.1289641204,13.10882353,
1/18/2024,TikTok,tt_8003,Traffic_Campaign,248901,3934,478.5,35,195234,,,,,,,148901,117890,76234,46234,8734,2401,578,0.01580548089,0.1216319268,13.67142857,
1/29/2024,TikTok,tt_8003,Traffic_Campaign,245678,3890,467.8,34,195678,,,,,,,148234,117234,75234,45789,8567,2345,567,0.01583373359,0.1202570694,13.75882353,
1/23/2024,TikTok,tt_8003,Traffic_Campaign,245678,3890,467.8,34,195678,,,,,,,148234,117234,75234,45789,8567,2345,567,0.01583373359,0.1202570694,13.75882353,
1/16/2024,TikTok,tt_8003,Traffic_Campaign,245678,3890,467.8,34,195678,,,,,,,148234,117234,75234,45789,8567,2345,567,0.01583373359,0.1202570694,13.75882353,
1/1/2024,TikTok,tt_8001,Awareness_GenZ,234567,3456,456.7,34,198234,,,,,,,156234,98234,67234,45234,8923,2345,567,0.01473353029,0.1321469907,13.43235294,
1/13/2024,TikTok,tt_8001,Awareness_GenZ,234567,3456,456.7,34,198234,,,,,,,156234,98234,67234,45234,8923,2345,567,0.01473353029,0.1321469907,13.43235294,
1/30/2024,TikTok,tt_8003,Traffic_Campaign,251234,3967,481.5,35,198901,,,,,,,150567,119234,76890,46567,8678,2378,556,0.01579006026,0.1213763549,13.75714286,
1/5/2024,TikTok,tt_8001,Awareness_GenZ,234234,3467,460.2,35,199234,,,,,,,156789,98789,67789,45456,8945,2367,578,0.01480143788,0.1327372368,13.14857143,
1/26/2024,TikTok,tt_8003,Traffic_Campaign,256789,4012,489.2,36,201234,,,,,,,152345,120456,77890,47234,8901,2456,589,0.0156237222,0.1219341974,13.58888889,
1/17/2024,TikTok,tt_8003,Traffic_Campaign,256789,4012,489.2,36,201234,,,,,,,152345,120456,77890,47234,8901,2456,589,0.0156237222,0.1219341974,13.58888889,
1/8/2024,TikTok,tt_8001,Awareness_GenZ,245234,3578,474.3,37,203456,,,,,,,158901,99567,68234,45789,8978,2389,590,0.01459014655,0.1325600894,12.81891892,
1/2/2024,TikTok,tt_8001,Awareness_GenZ,245678,3678,478.9,36,207345,,,,,,,163456,102345,70234,47234,9234,2456,589,0.01497081546,0.130206634,13.30277778,
1/15/2024,TikTok,tt_8001,Awareness_GenZ,246789,3678,478.9,36,207345,,,,,,,163456,102345,70234,47234,9234,2456,589,0.01490341952,0.130206634,13.30277778,
1/20/2024,TikTok,tt_8001,Awareness_GenZ,256234,3701,490.5,38,209234,,,,,,,163567,102567,69567,46567,9123,2423,601,0.01444382869,0.1325317482,12.90789474,
1/10/2024,TikTok,tt_8001,Awareness_GenZ,256234,3701,490.5,38,209234,,,,,,,163567,102567,69567,46567,9123,2423,601,0.01444382869,0.1325317482,12.90789474,
1/24/2024,TikTok,tt_8003,Traffic_Campaign,267890,4123,512.6,37,212345,,,,,,,160234,126789,81234,49234,9123,2567,612,0.01539064541,0.1243269464,13.85405405,
1/4/2024,TikTok,tt_8001,Awareness_GenZ,256789,3890,512.3,39,217456,,,,,,,170234,107234,72456,48456,9567,2567,612,0.01514862397,0.1316966581,13.13589744,
1/28/2024,TikTok,tt_8001,Awareness_GenZ,267890,3945,501.2,40,221234,,,,,,,173456,109234,73567,49234,9789,2634,623,0.01472619359,0.1270468948,12.53,
1/22/2024,TikTok,tt_8001,Awareness_GenZ,267890,3945,523.4,40,221234,,,,,,,173456,109234,73567,49234,9789,2634,623,0.01472619359,0.1326742712,13.085,
1/12/2024,TikTok,tt_8001,Awareness_GenZ,267890,3945,501.2,40,221234,,,,,,,173456,109234,73567,49234,9789,2634,623,0.01472619359,0.1270468948,12.53,
1/6/2024,TikTok,tt_8001,Awareness_GenZ,267890,3945,523.4,40,221234,,,,,,,173456,109234,73567,49234,9789,2634,623,0.01472619359,0.1326742712,13.085,
1/25/2024,TikTok,tt_8003,Traffic_Campaign,278901,4234,534.2,39,223456,,,,,,,168901,133456,85678,51789,9456,2634,623,0.01518101405,0.1261691072,13.6974359,
1/27/2024,TikTok,tt_8001,Awareness_GenZ,278901,4123,545.6,42,229234,,,,,,,179234,112234,75678,50234,10123,2712,645,0.01478302337,0.1323308271,12.99047619,
1/7/2024,TikTok,tt_8001,Awareness_GenZ,278901,4123,545.6,42,229234,,,,,,,179234,112234,75678,50234,10123,2712,645,0.01478302337,0.1323308271,12.99047619,
1/19/2024,TikTok,tt_8001,Awareness_GenZ,278901,4123,545.6,42,229234,,,,,,,179234,112234,75678,50234,10123,2712,645,0.01478302337,0.1323308271,12.99047619,
1/29/2024,TikTok,tt_8001,Awareness_GenZ,289012,4234,556.7,43,234567,,,,,,,182345,114567,77234,51234,10345,2789,656,0.01464991073,0.131483231,12.94651163,
1/9/2024,TikTok,tt_8001,Awareness_GenZ,289012,4234,556.7,43,234567,,,,,,,182345,114567,77234,51234,10345,2789,656,0.01464991073,0.131483231,12.94651163,
1/23/2024,TikTok,tt_8001,Awareness_GenZ,289012,4234,556.7,43,234567,,,,,,,182345,114567,77234,51234,10345,2789,656,0.01464991073,0.131483231,12.94651163,
1/16/2024,TikTok,tt_8001,Awareness_GenZ,289012,4234,556.7,43,234567,,,,,,,182345,114567,77234,51234,10345,2789,656,0.01464991073,0.131483231,12.94651163,
1/11/2024,TikTok,tt_8001,Awareness_GenZ,278901,4123,523.6,42,234567,,,,,,,182345,114567,77234,51234,10345,2789,656,0.01478302337,0.1269949066,12.46666667,
1/18/2024,TikTok,tt_8001,Awareness_GenZ,290123,4189,567.8,44,236789,,,,,,,184567,115678,78234,52345,10456,2812,678,0.01443870358,0.1355454762,12.90454545,
1/30/2024,TikTok,tt_8001,Awareness_GenZ,295678,4345,573.2,44,241234,,,,,,,188234,117890,79234,52789,10567,2856,667,0.01469503987,0.1319217491,13.02727273,
1/26/2024,TikTok,tt_8001,Awareness_GenZ,301234,4456,589.9,46,245678,,,,,,,191234,119234,80234,53456,10789,2901,689,0.0147924869,0.1323833034,12.82391304,
1/17/2024,TikTok,tt_8001,Awareness_GenZ,301234,4456,589.9,46,245678,,,,,,,191234,119234,80234,53456,10789,2901,689,0.0147924869,0.1323833034,12.82391304,
1/24/2024,TikTok,tt_8001,Awareness_GenZ,312345,4567,623.4,48,256789,,,,,,,200234,125678,84567,56234,11234,3012,723,0.01462165234,0.1365009853,12.9875,
1/25/2024,TikTok,tt_8001,Awareness_GenZ,323456,4789,645.7,50,267890,,,,,,,208901,131234,88234,58901,11567,3134,734,0.01480572319,0.1348298183,12.914,
1/3/2024,TikTok,tt_8004,Influencer_Collab,345678,5678,890.1,89,289234,,,,,,,234567,189234,134567,89234,15678,4567,1234,0.01642569096,0.1567629447,10.0011236,
1/5/2024,TikTok,tt_8004,Influencer_Collab,356789,5834,901.2,91,293456,,,,,,,239234,191234,136234,90234,15890,4634,1256,0.01635140097,0.1544737744,9.903296703,
1/14/2024,TikTok,tt_8004,Influencer_Collab,356789,5834,901.2,91,293456,,,,,,,239234,191234,136234,90234,15890,4634,1256,0.01635140097,0.1544737744,9.903296703,
1/4/2024,TikTok,tt_8004,Influencer_Collab,367890,6012,923.4,94,301234,,,,,,,245678,196789,140234,93456,16234,4789,1289,0.01634184131,0.1535928144,9.823404255,
1/13/2024,TikTok,tt_8004,Influencer_Collab,367890,6012,923.4,94,301234,,,,,,,245678,196789,140234,93456,16234,4789,1289,0.01634184131,0.1535928144,9.823404255,
1/21/2024,TikTok,tt_8004,Influencer_Collab,367890,6012,923.4,94,301234,,,,,,,245678,196789,140234,93456,16234,4789,1289,0.01634184131,0.1535928144,9.823404255,
1/15/2024,TikTok,tt_8004,Influencer_Collab,378901,6123,945.6,96,312345,,,,,,,251234,201234,143456,95234,16567,4823,1312,0.01615989401,0.1544341009,9.85,
1/6/2024,TikTok,tt_8004,Influencer_Collab,378901,6123,945.6,96,312345,,,,,,,251234,201234,143456,95234,16567,4823,1312,0.01615989401,0.1544341009,9.85,
1/20/2024,TikTok,tt_8004,Influencer_Collab,389012,6234,967.8,98,321234,,,,,,,258901,207890,147234,97456,16901,4912,1345,0.01602521259,0.1552454283,9.875510204,
1/8/2024,TikTok,tt_8004,Influencer_Collab,389012,6234,967.8,98,321234,,,,,,,258901,207890,147234,97456,16901,4912,1345,0.01602521259,0.1552454283,9.875510204,
1/22/2024,TikTok,tt_8004,Influencer_Collab,398567,6534,998.7,98,332345,,,,,,,267890,214567,151234,99567,17756,5012,1389,0.01639373054,0.1528466483,10.19081633,
1/12/2024,TikTok,tt_8004,Influencer_Collab,398567,6534,998.7,98,332345,,,,,,,267890,214567,151234,99567,17756,5012,1389,0.01639373054,0.1528466483,10.19081633,
1/9/2024,TikTok,tt_8004,Influencer_Collab,401234,6456,989.9,101,332345,,,,,,,267890,214567,151234,99567,17234,5012,1378,0.01609036124,0.1533302354,9.800990099,
1/28/2024,TikTok,tt_8004,Influencer_Collab,401234,6456,989.9,101,332345,,,,,,,267890,214567,151234,99567,17234,5012,1378,0.01609036124,0.1533302354,9.800990099,
1/11/2024,TikTok,tt_8004,Influencer_Collab,412345,6789,1023.4,103,345678,,,,,,,278901,223456,159234,105678,18234,5234,1456,0.01646436843,0.1507438503,9.93592233,
1/27/2024,TikTok,tt_8004,Influencer_Collab,423456,6789,1034.5,104,356789,,,,,,,287234,229234,162345,107890,18756,5345,1456,0.01603236228,0.1523788481,9.947115385,
1/23/2024,TikTok,tt_8004,Influencer_Collab,423456,6890,1056.8,107,356789,,,,,,,289234,231456,164567,109234,18890,5456,1489,0.01627087584,0.1533817126,9.876635514,
1/19/2024,TikTok,tt_8004,Influencer_Collab,423456,6789,1034.5,104,356789,,,,,,,287234,229234,162345,107890,18756,5345,1456,0.01603236228,0.1523788481,9.947115385,
1/29/2024,TikTok,tt_8004,Influencer_Collab,423456,6890,1056.8,107,356789,,,,,,,289234,231456,164567,109234,18890,5456,1489,0.01627087584,0.1533817126,9.876635514,
1/16/2024,TikTok,tt_8004,Influencer_Collab,423456,6890,1056.8,107,356789,,,,,,,289234,231456,164567,109234,18890,5456,1489,0.01627087584,0.1533817126,9.876635514,
1/30/2024,TikTok,tt_8004,Influencer_Collab,434567,7012,1089.3,109,367890,,,,,,,296234,237890,168234,111234,19234,5534,1523,0.01613560164,0.1553479749,9.993577982,
1/18/2024,TikTok,tt_8004,Influencer_Collab,434567,7012,1089.3,109,367890,,,,,,,296234,237890,168234,111234,19234,5534,1523,0.01613560164,0.1553479749,9.993577982,
1/17/2024,TikTok,tt_8004,Influencer_Collab,445678,7234,1123.5,113,378901,,,,,,,304567,243456,172345,114567,19567,5678,1567,0.01623144961,0.1553082665,9.942477876,
1/26/2024,TikTok,tt_8004,Influencer_Collab,445678,7234,1123.5,113,378901,,,,,,,304567,243456,172345,114567,19567,5678,1567,0.01623144961,0.1553082665,9.942477876,
1/24/2024,TikTok,tt_8004,Influencer_Collab,456789,7456,1167.8,118,389012,,,,,,,312345,249234,177890,118234,20234,5912,1623,0.01632263474,0.1566255365,9.896610169,
1/25/2024,TikTok,tt_8004,Influencer_Collab,467890,7623,1189.4,120,401234,,,,,,,323456,258901,184567,122345,20789,6034,1678,0.01629229092,0.1560278106,9.911666667,
1/21/2024,Google,g_5004,Display_Remarketing,118234,423,116.2,11,,,,,550,7,0.32,,,,,,,,0.003577651099,0.2747044917,10.56363636,4.733218589
1/14/2024,Google,g_5004,Display_Remarketing,115678,412,113.4,11,,,,,550,7,0.32,,,,,,,,0.003561610678,0.2752427184,10.30909091,4.850088183
1/8/2024,Google,g_5004,Display_Remarketing,125678,445,121.3,11,,,,,550,7,0.34,,,,,,,,0.003540794729,0.2725842697,11.02727273,4.534212696
1/28/2024,Google,g_5004,Display_Remarketing,127345,445,125.1,12,,,,,600,7,0.33,,,,,,,,0.003494444226,0.2811235955,10.425,4.79616307
1/20/2024,Google,g_5004,Display_Remarketing,124567,445,122.3,12,,,,,600,7,0.33,,,,,,,,0.003572374706,0.2748314607,10.19166667,4.905968929
1/13/2024,Google,g_5004,Display_Remarketing,119234,434,116.8,12,,,,,600,7,0.33,,,,,,,,0.00363990137,0.269124424,9.733333333,5.136986301
1/3/2024,Google,g_5004,Display_Remarketing,123456,456,123.4,12,,,,,600,7,0.35,,,,,,,,0.003693623639,0.2706140351,10.28333333,4.862236629
1/9/2024,Google,g_5004,Display_Remarketing,129345,456,125.6,12,,,,,600,7,0.35,,,,,,,,0.003525455178,0.2754385965,10.46666667,4.777070064
1/22/2024,Google,g_5004,Display_Remarketing,127890,456,125.6,13,,,,,650,7,0.34,,,,,,,,0.003565564157,0.2754385965,9.661538462,5.175159236
1/19/2024,Google,g_5004,Display_Remarketing,131567,478,129.4,13,,,,,650,7,0.34,,,,,,,,0.003633129888,0.2707112971,9.953846154,5.023183926
1/6/2024,Google,g_5004,Display_Remarketing,131234,478,132.4,13,,,,,650,7,0.35,,,,,,,,0.003642348782,0.2769874477,10.18461538,4.909365559
1/5/2024,Google,g_5004,Display_Remarketing,128901,467,128.9,13,,,,,650,7,0.34,,,,,,,,0.003622935431,0.2760171306,9.915384615,5.042668735
1/15/2024,Google,g_5004,Display_Remarketing,128901,467,126.7,13,,,,,650,7,0.34,,,,,,,,0.003622935431,0.2713062099,9.746153846,5.130228887
1/29/2024,Google,g_5004,Display_Remarketing,131234,467,128.9,13,,,,,650,7,0.34,,,,,,,,0.00355852904,0.2760171306,9.915384615,5.042668735
1/18/2024,Google,g_5004,Display_Remarketing,135234,501,133.6,14,,,,,700,7,0.35,,,,,,,,0.003704689649,0.2666666667,9.542857143,5.239520958
1/12/2024,Google,g_5004,Display_Remarketing,133456,489,131.2,14,,,,,700,7,0.35,,,,,,,,0.003664129001,0.2683026585,9.371428571,5.335365854
1/30/2024,Google,g_5004,Display_Remarketing,133456,478,131.2,14,,,,,700,7,0.35,,,,,,,,0.003581704832,0.2744769874,9.371428571,5.335365854
1/23/2024,Google,g_5004,Display_Remarketing,133456,489,131.2,14,,,,,700,7,0.35,,,,,,,,0.003664129001,0.2683026585,9.371428571,5.335365854
1/16/2024,Google,g_5004,Display_Remarketing,132567,489,130.5,14,,,,,700,7,0.35,,,,,,,,0.003688700808,0.2668711656,9.321428571,5.363984674
1/4/2024,Google,g_5004,Display_Remarketing,134567,489,134.5,14,,,,,700,7,0.36,,,,,,,,0.003633877548,0.2750511247,9.607142857,5.204460967
1/27/2024,Google,g_5004,Display_Remarketing,134890,489,132.7,14,,,,,700,7,0.35,,,,,,,,0.003625176069,0.2713701431,9.478571429,5.275056518
1/26/2024,Google,g_5004,Display_Remarketing,138567,512,136.2,15,,,,,750,7,0.36,,,,,,,,0.003694963447,0.266015625,9.08,5.50660793
1/17/2024,Google,g_5004,Display_Remarketing,138901,534,136.4,15,,,,,750,7,0.36,,,,,,,,0.003844464763,0.2554307116,9.093333333,5.498533724
1/11/2024,Google,g_5004,Display_Remarketing,136789,512,142.3,15,,,,,750,7,0.36,,,,,,,,0.00374299103,0.2779296875,9.486666667,5.270555165
1/24/2024,Google,g_5004,Display_Remarketing,139234,523,136.8,15,,,,,750,7,0.36,,,,,,,,0.003756266429,0.2615678776,9.12,5.48245614
1/25/2024,Google,g_5004,Display_Remarketing,142345,545,139.9,16,,,,,800,7,0.37,,,,,,,,0.003828725983,0.2566972477,8.74375,5.718370264
1/14/2024,Google,g_5002,Search_Generic_Terms,39567,789,507.4,19,,,,,950,6,0.42,,,,,,,,0.01994085981,0.6430925222,26.70526316,1.872290106
1/21/2024,Google,g_5002,Search_Generic_Terms,38901,778,498.7,19,,,,,950,6,0.41,,,,,,,,0.01999948587,0.6410025707,26.24736842,1.904952877
1/20/2024,Google,g_5002,Search_Generic_Terms,40567,812,520.4,20,,,,,1000,6,0.42,,,,,,,,0.02001626938,0.6408866995,26.02,1.92159877
1/28/2024,Google,g_5002,Search_Generic_Terms,42890,834,549.3,21,,,,,1050,7,0.43,,,,,,,,0.0194450921,0.6586330935,26.15714286,1.911523758
1/2/2024,Google,g_5002,Search_Generic_Terms,43234,823,534.2,21,,,,,1050,7,0.44,,,,,,,,0.01903594393,0.6490886999,25.43809524,1.965555972
1/13/2024,Google,g_5002,Search_Generic_Terms,41234,823,528.9,21,,,,,1050,6,0.43,,,,,,,,0.01995925692,0.6426488457,25.18571429,1.985252411
1/7/2024,Google,g_5002,Search_Generic_Terms,44567,878,567.2,22,,,,,1100,6,0.44,,,,,,,,0.01970067539,0.6460136674,25.78181818,1.939351199
1/15/2024,Google,g_5002,Search_Generic_Terms,43789,856,560.9,22,,,,,1100,7,0.44,,,,,,,,0.01954828838,0.6552570093,25.49545455,1.961133892
1/22/2024,Google,g_5002,Search_Generic_Terms,42890,845,549.3,22,,,,,1100,7,0.44,,,,,,,,0.01970156214,0.6500591716,24.96818182,2.002548698
1/1/2024,Google,g_5002,Search_Generic_Terms,45678,890,567.8,23,,,,,1150,7,0.45,,,,,,,,0.0194842156,0.6379775281,24.68695652,2.025361043
1/10/2024,Google,g_5002,Search_Generic_Terms,45234,901,578.9,23,,,,,1150,7,0.45,,,,,,,,0.01991864527,0.6425083241,25.16956522,1.98652617
1/19/2024,Google,g_5002,Search_Generic_Terms,44890,890,574.7,23,,,,,1150,7,0.44,,,,,,,,0.01982624192,0.6457303371,24.98695652,2.001044023
1/29/2024,Google,g_5002,Search_Generic_Terms,44567,878,570.8,23,,,,,1150,7,0.44,,,,,,,,0.01970067539,0.6501138952,24.8173913,2.014716188
1/16/2024,Google,g_5002,Search_Generic_Terms,45678,901,584.5,24,,,,,1200,7,0.45,,,,,,,,0.01972503174,0.6487236404,24.35416667,2.053036784
1/12/2024,Google,g_5002,Search_Generic_Terms,46567,912,596.7,24,,,,,1200,7,0.45,,,,,,,,0.01958468443,0.6542763158,24.8625,2.011060835
1/27/2024,Google,g_5002,Search_Generic_Terms,45678,901,584.5,24,,,,,1200,7,0.45,,,,,,,,0.01972503174,0.6487236404,24.35416667,2.053036784
1/5/2024,Google,g_5002,Search_Generic_Terms,46234,912,589.3,24,,,,,1200,7,0.45,,,,,,,,0.01972574296,0.6461622807,24.55416667,2.036314271
1/18/2024,Google,g_5002,Search_Generic_Terms,46123,923,590.3,24,,,,,1200,7,0.45,,,,,,,,0.02001170782,0.6395449621,24.59583333,2.032864645
1/30/2024,Google,g_5002,Search_Generic_Terms,45890,912,587.7,24,,,,,1200,7,0.45,,,,,,,,0.01987361081,0.6444078947,24.4875,2.041858091
1/23/2024,Google,g_5002,Search_Generic_Terms,45123,912,577.8,24,,,,,1200,7,0.45,,,,,,,,0.02021142211,0.6335526316,24.075,2.076843198
1/26/2024,Google,g_5002,Search_Generic_Terms,47234,945,605.6,25,,,,,1250,7,0.46,,,,,,,,0.02000677478,0.6408465608,24.224,2.064068692
1/3/2024,Google,g_5002,Search_Generic_Terms,47890,967,623.5,25,,,,,1250,6,0.43,,,,,,,,0.02019210691,0.6447776629,24.94,2.004811548
1/17/2024,Google,g_5002,Search_Generic_Terms,47234,967,605.6,25,,,,,1250,7,0.46,,,,,,,,0.02047254097,0.6262668046,24.224,2.064068692
1/24/2024,Google,g_5002,Search_Generic_Terms,47890,978,613.5,26,,,,,1300,7,0.46,,,,,,,,0.02042179996,0.6273006135,23.59615385,2.118989405
1/11/2024,Google,g_5002,Search_Generic_Terms,47890,934,612.5,26,,,,,1300,7,0.46,,,,,,,,0.01950302777,0.6557815846,23.55769231,2.12244898
1/8/2024,Google,g_5002,Search_Generic_Terms,48234,989,634.7,26,,,,,1300,7,0.46,,,,,,,,0.02050420865,0.6417593529,24.41153846,2.048211754
1/25/2024,Google,g_5002,Search_Generic_Terms,49567,1012,634.2,27,,,,,1350,7,0.47,,,,,,,,0.02041680957,0.6266798419,23.48888889,2.128666036
1/21/2024,Google,g_5001,Search_Brand_Terms,21567,1089,207.8,41,,,,,2050,9,0.88,,,,,,,,0.05049380999,0.1908172635,5.068292683,9.865255053
1/14/2024,Google,g_5001,Search_Brand_Terms,21234,1089,207.8,41,,,,,2050,9,0.89,,,,,,,,0.05128567392,0.1908172635,5.068292683,9.865255053
1/3/2024,Google,g_5001,Search_Brand_Terms,22345,1123,213.4,42,,,,,2100,9,0.93,,,,,,,,0.05025732826,0.1900267142,5.080952381,9.840674789
1/20/2024,Google,g_5001,Search_Brand_Terms,22345,1123,214.5,42,,,,,2100,9,0.89,,,,,,,,0.05025732826,0.1910062333,5.107142857,9.79020979
1/8/2024,Google,g_5001,Search_Brand_Terms,22567,1134,216.8,43,,,,,2150,9,0.91,,,,,,,,0.05025036558,0.1911816578,5.041860465,9.91697417
1/13/2024,Google,g_5001,Search_Brand_Terms,22456,1156,220.4,43,,,,,2150,9,0.9,,,,,,,,0.05147844674,0.1906574394,5.125581395,9.754990926
1/28/2024,Google,g_5001,Search_Brand_Terms,23567,1189,226.8,44,,,,,2200,9,0.9,,,,,,,,0.05045190308,0.1907485282,5.154545455,9.700176367
1/1/2024,Google,g_5001,Search_Brand_Terms,23456,1234,234.5,45,,,,,2250,9,0.92,,,,,,,,0.05260914052,0.1900324149,5.211111111,9.594882729
1/5/2024,Google,g_5001,Search_Brand_Terms,23890,1234,234.9,46,,,,,2300,9,0.91,,,,,,,,0.05165341147,0.190356564,5.106521739,9.791400596
1/15/2024,Google,g_5001,Search_Brand_Terms,23890,1234,235.6,46,,,,,2300,9,0.91,,,,,,,,0.05165341147,0.190923825,5.12173913,9.762308998
1/22/2024,Google,g_5001,Search_Brand_Terms,24234,1267,241.2,47,,,,,2350,9,0.91,,,,,,,,0.05228191797,0.190370955,5.131914894,9.742951907
1/6/2024,Google,g_5001,Search_Brand_Terms,24234,1267,241.2,47,,,,,2350,9,0.92,,,,,,,,0.05228191797,0.190370955,5.131914894,9.742951907
1/29/2024,Google,g_5001,Search_Brand_Terms,24890,1278,244.2,47,,,,,2350,9,0.91,,,,,,,,0.05134592206,0.1910798122,5.195744681,9.623259623
1/19/2024,Google,g_5001,Search_Brand_Terms,24567,1289,246.8,48,,,,,2400,9,0.91,,,,,,,,0.0524687589,0.1914662529,5.141666667,9.724473258
1/2/2024,Google,g_5001,Search_Brand_Terms,24567,1289,245.6,48,,,,,2400,9,0.91,,,,,,,,0.0524687589,0.1905352987,5.116666667,9.771986971
1/10/2024,Google,g_5001,Search_Brand_Terms,24678,1289,245.9,48,,,,,2400,9,0.91,,,,,,,,0.05223275792,0.1907680372,5.122916667,9.760065067
1/12/2024,Google,g_5001,Search_Brand_Terms,25123,1312,250.4,49,,,,,2450,9,0.91,,,,,,,,0.05222306253,0.1908536585,5.110204082,9.784345048
1/9/2024,Google,g_5001,Search_Brand_Terms,25234,1312,250.3,49,,,,,2450,9,0.92,,,,,,,,0.05199334232,0.190777439,5.108163265,9.788254095
1/27/2024,Google,g_5001,Search_Brand_Terms,25234,1312,250.3,49,,,,,2450,9,0.91,,,,,,,,0.05199334232,0.190777439,5.108163265,9.788254095
1/4/2024,Google,g_5001,Search_Brand_Terms,25678,1345,256.7,50,,,,,2500,9,0.92,,,,,,,,0.05237946881,0.1908550186,5.134,9.738994936
1/30/2024,Google,g_5001,Search_Brand_Terms,25456,1334,254.6,50,,,,,2500,9,0.92,,,,,,,,0.05240414833,0.1908545727,5.092,9.81932443
1/23/2024,Google,g_5001,Search_Brand_Terms,25678,1356,259.4,51,,,,,2550,9,0.92,,,,,,,,0.05280785108,0.1912979351,5.08627451,9.830377795
1/16/2024,Google,g_5001,Search_Brand_Terms,25456,1345,257.3,51,,,,,2550,9,0.92,,,,,,,,0.0528362665,0.1913011152,5.045098039,9.910610183
1/18/2024,Google,g_5001,Search_Brand_Terms,25789,1389,265.2,52,,,,,2600,9,0.92,,,,,,,,0.05386017294,0.1909287257,5.1,9.803921569
1/11/2024,Google,g_5001,Search_Brand_Terms,26234,1378,263.4,52,,,,,2600,9,0.92,,,,,,,,0.05252725471,0.1911465893,5.065384615,9.870918755
1/26/2024,Google,g_5001,Search_Brand_Terms,26789,1378,263.4,53,,,,,2650,9,0.92,,,,,,,,0.05143902348,0.1911465893,4.969811321,10.06074412
1/7/2024,Google,g_5001,Search_Brand_Terms,26789,1456,278.9,54,,,,,2700,9,0.93,,,,,,,,0.05435066632,0.1915521978,5.164814815,9.680889208
1/17/2024,Google,g_5001,Search_Brand_Terms,26789,1456,278.9,54,,,,,2700,9,0.93,,,,,,,,0.05435066632,0.1915521978,5.164814815,9.680889208
1/24/2024,Google,g_5001,Search_Brand_Terms,27123,1434,274.3,55,,,,,2750,9,0.93,,,,,,,,0.05287025771,0.1912831241,4.987272727,10.0255195
1/21/2024,Google,g_5003,Shopping_All_Products,62345,1989,365.4,57,,,,,2850,8,0.63,,,,,,,,0.03190311974,0.1837104072,6.410526316,7.799671593
1/14/2024,Google,g_5003,Shopping_All_Products,61890,2012,369.3,58,,,,,2900,8,0.64,,,,,,,,0.03250929068,0.1835487078,6.367241379,7.852694286
1/25/2024,Google,g_5001,Search_Brand_Terms,28234,1512,287.6,58,,,,,2900,9,0.94,,,,,,,,0.05355245449,0.1902116402,4.95862069,10.08344924
1/20/2024,Google,g_5003,Shopping_All_Products,64890,2067,376.8,59,,,,,2950,8,0.65,,,,,,,,0.03185390661,0.1822931785,6.386440678,7.829087049
1/13/2024,Google,g_5003,Shopping_All_Products,63456,2089,382.6,60,,,,,3000,8,0.65,,,,,,,,0.03292044881,0.1831498325,6.376666667,7.841087297
1/28/2024,Google,g_5003,Shopping_All_Products,66234,2167,395.8,61,,,,,3050,8,0.66,,,,,,,,0.03271733551,0.1826488233,6.48852459,7.705912077
1/22/2024,Google,g_5003,Shopping_All_Products,66789,2223,407.9,64,,,,,3200,8,0.66,,,,,,,,0.033283924,0.1834907782,6.3734375,7.845060064
1/10/2024,Google,g_5003,Shopping_All_Products,68901,2267,414.2,64,,,,,3200,8,0.67,,,,,,,,0.03290228008,0.1827084252,6.471875,7.725736359
1/4/2024,Google,g_5003,Shopping_All_Products,69456,2234,412.3,65,,,,,3250,8,0.66,,,,,,,,0.03216424787,0.1845568487,6.343076923,7.88260975
1/15/2024,Google,g_5003,Shopping_All_Products,67234,2234,411.7,65,,,,,3250,8,0.66,,,,,,,,0.03322723622,0.1842882722,6.333846154,7.894097644
1/7/2024,Google,g_5003,Shopping_All_Products,70234,2289,419.5,66,,,,,3300,8,0.66,,,,,,,,0.03259105277,0.1832678025,6.356060606,7.866507747
1/12/2024,Google,g_5003,Shopping_All_Products,69890,2334,428.9,66,,,,,3300,8,0.67,,,,,,,,0.03339533553,0.1837617823,6.498484848,7.694101189
1/29/2024,Google,g_5003,Shopping_All_Products,68456,2289,419.5,66,,,,,3300,8,0.67,,,,,,,,0.03343753652,0.1832678025,6.356060606,7.866507747
1/19/2024,Google,g_5003,Shopping_All_Products,69234,2301,423.5,67,,,,,3350,8,0.67,,,,,,,,0.03323511569,0.1840504129,6.320895522,7.910271547
1/1/2024,Google,g_5003,Shopping_All_Products,67890,2345,423.6,67,,,,,3350,8,0.67,,,,,,,,0.03454116954,0.1806396588,6.32238806,7.908404155
1/30/2024,Google,g_5003,Shopping_All_Products,70234,2367,432.1,68,,,,,3400,8,0.67,,,,,,,,0.03370162599,0.1825517533,6.354411765,7.868548947
1/27/2024,Google,g_5003,Shopping_All_Products,70123,2356,431.2,68,,,,,3400,8,0.68,,,,,,,,0.03359810618,0.1830220713,6.341176471,7.884972171
1/6/2024,Google,g_5003,Shopping_All_Products,72345,2378,432.9,69,,,,,3450,8,0.67,,,,,,,,0.03287027438,0.1820437342,6.273913043,7.96950797
1/16/2024,Google,g_5003,Shopping_All_Products,70123,2378,435.8,69,,,,,3450,8,0.67,,,,,,,,0.03391184062,0.1832632464,6.315942029,7.916475447
1/23/2024,Google,g_5003,Shopping_All_Products,70234,2389,432.6,69,,,,,3450,8,0.67,,,,,,,,0.0340148646,0.1810799498,6.269565217,7.975034674
1/9/2024,Google,g_5003,Shopping_All_Products,73456,2423,441.8,70,,,,,3500,8,0.68,,,,,,,,0.03298573296,0.1823359472,6.311428571,7.922136713
1/18/2024,Google,g_5003,Shopping_All_Products,71567,2412,442.3,70,,,,,3500,8,0.68,,,,,,,,0.0337026842,0.1833747927,6.318571429,7.913181099
1/2/2024,Google,g_5003,Shopping_All_Products,71234,2456,445.8,71,,,,,3550,8,0.68,,,,,,,,0.03447791785,0.181514658,6.278873239,7.963212203
1/26/2024,Google,g_5003,Shopping_All_Products,72890,2434,450.2,71,,,,,3550,8,0.69,,,,,,,,0.03339278365,0.1849630238,6.34084507,7.885384274
1/11/2024,Google,g_5003,Shopping_All_Products,71234,2456,445.8,71,,,,,3550,8,0.68,,,,,,,,0.03447791785,0.181514658,6.278873239,7.963212203
1/17/2024,Google,g_5003,Shopping_All_Products,72456,2489,450.7,72,,,,,3600,8,0.68,,,,,,,,0.03435188252,0.1810767376,6.259722222,7.987574884
1/24/2024,Google,g_5003,Shopping_All_Products,73456,2501,456.7,73,,,,,3650,8,0.69,,,,,,,,0.03404759312,0.1826069572,6.256164384,7.992117364
1/25/2024,Google,g_5003,Shopping_All_Products,75234,2567,467.8,75,,,,,3750,8,0.7,,,,,,,,0.03412021161,0.1822360732,6.237333333,8.016246259